Season,Episode,Title,Writer,Director,Date Aired,Summary,Rating/Share,US Viewership (in millions)
1,1,The Pilot,Marta Kauffman & David Crane,James Burrows,22-09-94,"Monica and the gang introduce Rachel to the ""real world"" after she leaves her fiancÃ© at the altar. Ross struggles with his rediscovered feelings for Rachel.",14.7/23,21.5
1,2,The One With The Sonogram At The End,Marta Kauffman & David Crane,James Burrows,29-09-94,Ross finds out his estranged lesbian wife and her life partner are going to have his baby.,14.0/22,20.2
1,3,The One With The Thumb,Jeff Astrof & Mike Sikowitz,James Burrows,06-10-94,"Phoebe discovers a human thumb floating in her can of soda and gets compensation of $7,000. Chandler starts smoking again.",13.6/22,19.5
1,4,The One With George Stephanopoulos,Alexa Junge,James Burrows,13-10-94,"The girls spy on the sexy politician across the street, while the guys go to a hockey game.",13.7/22,19.7
1,5,The One With The East German Laundry Detergent,Jeff Greenstein & Jeff Strauss,Pamela Fryman,20-10-94,Ross and Rachel wash their laundry together. Joey takes Monica on a fake double date in an attempt to reunite with his ex,12.9/20,18.6
1,6,The One With The Butt,Adam Chase & Ira Ungerleider,Arlene Sanford,27-10-94,Joey finally gets a film role: Al Pacino's butt double. Chandler dates a woman who already has both a husband and a boyfriend.,12.4/20,18.2
1,7,The One With The Blackout,Jeffrey Astrof & Mike Sikowitz,James Burrows,03-11-94,"During a power outage, Rachel falls for the owner of a lost kitten, a Italian guy, much to Ross's chagrin. Meanwhile, Chandler is trapped in an automated-teller vestibule with a gorgeous model.",16.1/24,23.5
1,8,The One Where Nana Dies Twice,Marta Kauffman & David Crane,James Burrows,10-11-94,"Ross and Monica go to the bedside of their dead grandmother, who momentarily returns to life. Chandler questions his sexual persona when a collegue wants to arrange a date for him with another guy.",14.2/22,21.1
1,9,The One Where Underdog Gets Away,Jeff Greenstein & Jeff Strauss,James Burrows,17-11-94,"Monica plans a lovely, quiet Thanksgiving feast in her apartment but her plans go awry. Joey appears on medical posters. Rachel plans to go skiing with her family.",15.7/24,23.1
1,10,The One With The Monkey,Adam Chase & Ira Ungerleider,Peter Bonerz,15-12-94,"Ross arrives at the New Year's Eve party with his new companion, a monkey named Marcel, who is more compatible with the group than he is.",13.6/22,19.9
1,11,The One With Mrs. Bing,Alexa Junge,James Burrows,05-01-95,Chandler's flamboyant romance-novelist mother comes to New York for a visit. Monica and Phoebe cause a traffic accident.,17.6/27,26.6
1,12,The One With The Dozen Lasagnas,Jeffrey Astrof & Mike Sikowitz and Adam Chase & Ira Ungerleider,Paul Lazarus,12-01-95,Rachel's Italian boyfriend Paolo hits on Phoebe in the massage parlor.,16.1/25,24.0
1,13,The One With The Boobies,Alexa Junge,Alan Myerson,19-01-95,"Chandler sees Rachel naked. Joey learns that his father is having an affair with a pet mortician, but his mother already knew.",17.3/26,25.8
1,14,The One With The Candy Hearts,Bill Lawrence,James Burrows,09-02-95,The girls rebel against Valentine's Day by burning mementos from past relationships. Chandler reunites with an old flame.,15.9/24,23.8
1,15,The One With The Stoned Guy,Jeff Greenstein & Jeff Strauss,Alan Myerson,16-02-95,"Ross asks Joey for advice on how to talk dirty to women. Monica interviews for a chef's position, but the owner shows up stoned.",16.9/25,24.8
1,16,"The One With Two Parts, Part 1",David Crane & Marta Kauffman,Michael Lembeck,23-02-95,Phoebe's twin sister causes confusion and conflict when Joey is attracted to her.,17.5/27,26.1
1,17,"The One With Two Parts, Part 2",David Crane & Marta Kauffman,Michael Lembeck,23-02-95,Monica and Rachel squabble over two handsome doctors.,20.8/31,30.5
1,18,The One With All The Poker,Jeffrey Astrof & Mike Sikowitz,James Burrows,02-03-95,"The girls lose money in a poker game with the boys. After getting advice from Monica's aunt, they demand a rematch.",20.4/31,30.4
1,19,The One Where The Monkey Gets Away,Jeffrey Astrof & Mike Sikowitz,Peter Bonerz,09-03-95,Rachel accidentally lets Ross's pet monkey escape and a search party forms. Then she discovers that her old best friend Mindy is engaged to marry her ex-fiance.,20.0/31,29.4
1,20,The One With The Evil Orthodontist,Doty Abrams,Peter Bonerz,06-04-95,"Rachel has a brief encounter with her ex-fiance. Riddled with guilt, she decides to confess her evil sins only to discover that Mindy's been busier than she's let on.",20.5/32,30.0
1,21,The One With The Fake Monica,Adam Chase & Ira Ungerleider,Gail Mancuso,27-04-95,"Monica meets her identity thief, who helps her live out her fantasies. Ross's monkey becomes sexually mature and drives everyone crazy.",19.2/29,28.4
1,22,The One With The Ick Factor,Alexa Junge,Robby Benson,04-05-95,Monica discovers that she is a cradle snatcher. Ross's ex-wife begins giving birth.,20.7/31,29.9
1,23,The One With The Birth,"Teleplay by Jeff Greenstein & Jeff Strauss, Story by David Crane & Marta Kauffman",James Burrows,11-05-95,"The baby is born, bringing adoration from everyone.",19.7/30,28.7
1,24,The One Where Rachel Finds Out,Chris Brown,Kevin S. Bright,18-05-95,"Rachel finds out about Ross's love for her while he is working in China. However, another surprise awaits her as she heads to the airport to meet him.",21.3/32,31.3
2,1,The One With Ross' New Girlfriend,Jeffrey Astrof & Mike Sikowitz,Michael Lembeck,21-09-95,Rachel gets an unpleasant surprise when Ross returns home. Phoebe has varied success when cutting her friends' hair!,20.5/33,32.1
2,2,The One With The Breast Milk,Adam Chase & Ira Ungerleider,Michael Lembeck,28-09-95,Monica goes shopping when Ross's new girlfriend and is too afraid to tell Rachel. Joey is troubled when a fellow after-shave salesman outperforms him on the job.,19.3/31,29.8
2,3,The One Where Heckles Dies,Michael Curtis & Gregory S. Malins,Kevin S. Bright,05-10-95,The downstairs neighbor dies and bequeaths his strange possessions to Monica and Rachel.,19.8/31,30.2
2,4,The One With Phoebe's Husband,Alexa Junge,Gail Mancuso,12-10-95,Everyone's surprised when Phoebe's husband shows up.,19.3/31,28.1
2,5,The One With Five Steaks And An Eggplant,Chris Brown,Ellen Gittelsohn,19-10-95,"When planning a birthday party for Ross, the six discover money is an issue in life, even among friends.",18.6/30,28.3
2,6,The One With The Baby On The Bus,Betsy Borns,Gail Mancuso,02-11-95,"Joey and Chandler accidentally leave Ben on a bus while babysitting. Phoebe (whose Smelly Cat debuts here) gets fired from her Central Perk singing gig, and is replaced by a professional.",19.7/30,30.2
2,7,The One Where Ross Finds Out,Michael Borkow,Peter Bonerz,09-11-95,Dramatic developments occur in Ross and Rachel's relationship. Chandler regrets asking Monica to help him lose weight.,19.6/31,30.5
2,8,The One With The List,Marta Kauffman & David Crane,Mary Kay Place,16-11-95,Rachel makes a painful discovery concerning Ross. Monica's new boss gives her an impossible task.,21.1/33,32.9
2,9,The One With Phoebe's Dad,Jeffrey Astrof & Mike Sikowitz,Kevin S. Bright,14-12-95,Phoebe learns the surprising truth about her father. Ross makes Monica's Christmas party guests miserable. Rachel gets her revenge on Ross.,18.8/30,27.8
2,10,The One With Russ,Ira Ungerleider,Thomas Schlamme,04-01-96,"After some gentle person persuasion, Joey accepts a great acting job. Rachel dates a guy who looks amazingly like Ross.",21.0/31,32.2
2,11,The One With The Lesbian Wedding,Doty Abrams,Thomas Schlamme,18-01-96,Carol and Susan prepare for their wedding with help from an uncomfortable Ross.,20.8/31,31.6
2,12,"The One After The Superbowl, Part 1","Jeffrey Astrof & Mike Sikowitz, Michael Borkow",Michael Lembeck,28-01-96,Ross goes to visit Marcel the Monkey in the San Diego Zoo and finds the simian is pursuing a show-biz career. Joey has a date with a deranged fan. Lembeck won a Best Director Emmy.,29.6/46,52.9
2,13,"The One After The Superbowl, Part 2","Jeffrey Astrof & Mike Sikowitz, Michael Borkow",Michael Lembeck,28-01-96,"Rachel and Monica fight over Jean-Claude Van Damme. Chandler dates a girl he went to elementary school with, with a surprising outcome. Lembeck won a Best Director Emmy.",29.6/46,52.9
2,14,The One With The Prom Video,Alexa Junge,James Burrows,01-02-96,Monica's old home video elicits the true feelings Ross has for Rachel. Joey gives Chandler a gift.,21.7/32,33.6
2,15,The One Where Ross And Rachel... You Know,Michael Curtis & Gregory S. Malins,Michael Lembeck,08-02-96,Ross and Rachel encounter romantic obstacles. Monica falls for a handsome older doctor. Chandler and Joey have new lazy chairs and do not want to get up from them.,21.7/33,32.9
2,16,The One Where Joey Moves Out,Betsy Borns,Michael Lembeck,15-02-96,"Chandler catches Joey licking a spoon and replacing it in the drawer, and a major fight ensues. Monica's parents find out about her new boyfriend.",21.1/33,31.1
2,17,The One Where Eddie Moves In,Adam Chase,Michael Lembeck,22-02-96,Joey and Chandler pine for each other but neither will admit it. Chandler gets a new roommate. A record company asks Phoebe to make a Smelly Cat music video.,20.0/31,30.2
2,18,The One Where Dr. Ramoray Dies,"Teleplay by Michael Borkow, Story by Alexa Junge",Michael Lembeck,21-03-96,Joey's soap character looks set to be killed off after Joey makes some contentious remarks to a fan magazine. Monica and Richard have their first argument.,19.9/31,30.1
2,19,The One Where Eddie Won't Go,Michael Curtis & Gregory S. Malins,Michael Lembeck,28-03-96,"Chandler battles to get rid of his annoying new roommate and have Joey, who's feeling the crunch of unemployment and mounting debt, move back in. The girls discover a book on personal empowerment.",20.0/32,31.2
2,20,The One Where Old Yeller Dies,"Teleplay by Adam Chase, Story by Michael Curtis",Michael Lembeck,04-04-96,Impressionable Phoebe becomes depressed when it dawns on her that some movies don't end happily. Richard bonds with Chandler and Joey at a basketball game.,18.4/31,27.4
2,21,The One With The Bullies,Sebastian Jones & Brian Buckner,Michael Lembeck,11-04-96,Chandler and Ross are intimidated by two bullies who take over the friends' Central Perk sofa. Phoebe meets her long-lost family.,16.6/30,24.7
2,22,The One With Two Parties,Alexa Junge,Michael Lembeck,02-05-96,Rachel gets a real surprise when her parents show up at her birthday party.,18.0/33,25.5
2,23,The One With The Chicken Pox,Brown Mandell,Michael Lembeck,09-05-96,"When Phoebe catches chicken pox, her chances for romance with an ex-love are nearly ruined. Rachel is intrigued by Phoebe's ex-love sailor suit wanting Ross to have one as well. Monica feels she may be too neurotic for straight-arrow Richard.",18.1/33,26.1
2,24,The One With Barry & Mindy's Wedding,"Teleplay by Brown Mandell, Story by Ira Ungerleider",Michael Lembeck,16-05-96,Rachel is a bridesmaid at her ex-fiance's wedding. Monica and Richard's relationship is jeopardized when the subject of children arises.,19.1/34,29.0
3,1,The One With The Princess Leia Fantasy,Michael Curtis & Gregory S. Malins,Gail Mancuso,19-09-96,Ross's secret fantasy doesn't stay secret for long after he confides in Rachel. Chandler begins to rekindle his relationship with ex-girlfriend Janice.,16.7/31,26.8
3,2,The One Where No One's Ready,Ira Ungerleider,Gail Mancuso,26-09-96,Ross gets riled when his friends fail to be ready on time for a museum fundraiser where he's giving a speech.,18.4/31,26.7
3,3,The One With The Jam,Wil Calhoun,Kevin S. Bright,03-10-96,"Monica becomes obsessed with making jam as a means of getting over Richard. Still feeling unfulfilled, she decides she wants to having a baby and visits a sperm bank.",17.3/30,25.2
3,4,The One With The Metaphorical Tunnel,Alexa Junge,Steve Zuckerman,10-10-96,"Ross and Rachel encourage Chandler to ""go through the tunnel"" and commit to Janice. Ross worries when his son plays with a girl's doll and tries frantically to substitute masculine toys.",18.0/30,26.1
3,5,The One With Frank Jr.,Scott Silveri & Shana Goldberg-Meehan,Steve Zuckerman,17-10-96,Phoebe invited her half-brother Frank Jr. to visit. Ross makes a list of famous women he'd like to date.,16.1/26,23.3
3,6,The One With The Flashback,Marta Kauffman & David Crane,Peter Bonerz,31-10-96,"After Janice asks whether they've ever dated each other, the friends reminisce about a time three years ago and some dark secrets are revealed.",16.0/28,23.3
3,7,The One With The Race Car Bed,Seth Kurland,Gail Mancuso,07-11-96,"When returning a misdelivered bed back to the store, Monica and Joey catch Janice passionately kissing her ex-husband in the back room.",18.0/29,27.4
3,8,The One With The Giant Poking Device,Adam Chase,Gail Mancuso,14-11-96,"When Phoebe believes she's killed the ugly naked guy across the street from Rachel and Monica, Joey constructs a long poking device. Chandler confronts Janice.",18.8/30,28.7
3,9,The One With The Football,Ira Ungerleider,Kevin S. Bright,21-11-96,It's Thanksgiving and the friends start a game of football that reveals some major rivalries and prods a rematch that has serious implications for the roast turkey!,19.0/30,29.3
3,10,The One Where Rachel Quits,Michael Curtis & Gregory S. Malins,Terry Hughes,12-12-96,"After quitting her Central Perk gig, Rachel worries she'll be jobless long-term. Joey's job selling Christmas trees upsets Phoebe, who becomes distressed over leftover trees.",16.1/27,25.1
3,11,The One Where Chandler Can't Remember Which Sister,Alexa Junge,Terry Hughes,09-01-97,A handsome stranger offers Rachel a fashion-buying job. Chandler forgets which of Joey's sisters he fooled around with after getting drunk at Joey's birthday.,19.4/29,29.8
3,12,The One With All The Jealousy,Doty Abrams,Robby Benson,16-01-97,Ross becomes obsessively jealous of Rachel's sexy new co-worker Mark and is convinced he is flirting with Rachel. Monica is smitten with a sexy busboy.,19.4/29,29.6
3,13,The One Where Monica & Richard Are Friends,Michael Borkow,Robby Benson,30-01-97,Monica and ex-boyfriend Richard meet by chance - and the lunch they go to leads to something more.,18.9/29,28.0
3,14,The One With Phoebe's Ex-Partner,Wil Calhoun,Robby Benson,06-02-97,Phoebe's ex-singing partner Leslie wants to use Smelly Cat for a cat-litter ad. Chandler dates a beautiful woman with an artificial leg... and a tie to Joey.,19.0/30,28.9
3,15,The One Where Ross & Rachel Take A Break,Michael Borkow,James Burrows,13-02-97,Ross and Rachel decide to go on a break. Phoebe becomes involved with a foreign diplomat.,18.3/29,27.3
3,16,The One With The Morning After,Marta Kauffman & David Crane,James Burrows,20-02-97,"Unaware of Ross's one-night stand with another woman, Rachel visits him to declare her undying love.",18.6/29,28.3
3,17,The One Without The Ski Trip,Scott Silveri & Shana Goldberg-Meehan,Sam Simon,06-03-97,"Rachel asks everyone to go on a ski trip... except Ross. Chandler is particularly traumatized by the Ross/Rachel breakup, which reminds him of his parents' divorce.",17.5/29,25.8
3,18,The One With The Hypnosis Tape,Seth Kurland,Robby Benson,13-03-97,"Chandler uses a hypnosis tape to quit smoking. Unbeknownst to him, it's aimed only at women. Phoebe freaks when her brother wants to wed a woman twice his age.",18.7/30,28.1
3,19,The One With The Tiny T-Shirt,Adam Chase,Terry Hughes,27-03-97,"Ross is upset when Rachel returns his belongings. Monica dates a millionaire she considers funny, nice and yet not quite her dream man.",16.0/28,23.7
3,20,The One With The Dollhouse,Wil Calhoun,Terry Hughes,10-04-97,Monica inherits an exquisite dollhouse from her aunt. Joey winds up in bed with his leading lady. Rachel's boss dates Chandler.,16.3/28,24.4
3,21,The One With A Chick And A Duck,Chris Brown,Michael Lembeck,17-04-97,Monica is ecstatic when her millionaire friend Pete buys a restaurant and wants her as head chef. Joey buys Chandler a chick - a live baby chicken and later a live duck.,16.0/28,23.2
3,22,The One With The Screamer,Scott Silveri & Shana Goldberg-Meehan,Peter Bonerz,24-04-97,Joey's play gets terrible reviews. Ross tries to convince Rachel her date is psychotic.,15.5/27,22.6
3,23,The One With Ross' Thing,Andrew Reich & Ted Cohen,Shelley Jensen,01-05-97,Ross discovers a strange growth on his buttocks. Phoebe dates a firefighter and a teacher.,16.6/29,24.2
3,24,The One With The Ultimate Fighting Champion,"Teleplay by Scott Silveri & Shana Goldberg-Meehan, Story by Mark J. Kunerth & Pang-Ni Landrum",Robby Benson,08-05-97,Monica begs Pete to stop fighting after he is beaten up. Chandler is unnerved when his boss slaps his butt. Ross starts dating a new woman.,15.6/27,23.1
3,25,The One At The Beach,"Teleplay by Adam Chase, Story by Mark J. Kunerth & Pang-Ni Landrum",Robby Benson,15-05-97,Phoebe invites the group to her client's beach house. Rachel tricks Ross's new girlfriend into shaving her head.,16.5/29,28.8
4,1,The One With The Jellyfish,Wil Calhoun,Shelley Jensen,25-09-97,"Ross falls asleep while reading Rachel's 18-page letter. When confronted by her, he pretends to agree with what she wrote. Monica gets stung by a jellyfish and must resort to drastic measures.",19.5/32,29.4
4,2,The One With The Cat,Jill Condon & Amy Toomin,Shelley Jensen,02-10-97,Phoebe believes her adoptive mother's spirit inhabits a stray cat. Joey finds the experience of selling his entertainment center not entertaining at all. Monica finally gets to date the big man on her high school campus.,17.6/30,25.5
4,3,The One With The Cuffs,Seth Kurland,Peter Bonerz,09-10-97,"Monica ""pulls a Monica"" when she caters her mother's party. Chandler gets himself locked into a compromising position with Rachel's boss.",16.7/28,24.0
4,4,The One With The Ballroom Dancing,Andrew Reich & Ted Cohen,Gail Mancuso,16-10-97,The girls get an eviction notice and Joey comes to their rescue by agreeing to give the building superintendent dancing lessons.,16.4/28,24.3
4,5,The One With Joey's New Girlfriend,Michael Curtis & Gregory S. Malins,Gail Mancuso,30-10-97,Ross and Rachel continue their power games to make each other jealous. Chandler falls hard for Joey's new girlfriend Kathy.,16.3/26,24.4
4,6,The One With The Dirty Girl,Scott Silveri & Shana Goldberg-Meehan,Shelley Jensen,06-11-97,Ross's beautiful new girlfriend has a disgusting secret. Chandler gets closer to Kathy and buys her a pricey birthday gift. Rachel proudly completes a crossword puzzle without help.,17.5/28,25.7
4,7,The One Where Chandler Crosses The Line,Adam Chase,Kevin S. Bright,13-11-97,"Chandler kisses Kathy after thinking Joey has lost interest in her. Encouraged by an awed Phoebe, Ross debuts his keyboard ""sound""  in public.",18.2/29,26.4
4,8,The One With Chandler In A Box,Michael Borkow,Peter Bonerz,20-11-97,"Still angry over the Kathy kiss, Joey punishes Chandler by shutting him in a box on Thanksgiving. Monica gets a surprise when she visits the eye doctor.",18.4/29,26.8
4,9,The One Where They're Going To Party,Andrew Reich & Ted Cohen,Peter Bonerz,11-12-97,"When the guys try to be wild and crazy, they reluctantly realize they'd rather act like adults. Monica writes a scathing restaurant review - and gets a job offer as a result.",16.1/26,23.9
4,10,The One With The Girl From Poughkeepsie,Scott Silveri,Gary Halvorson,18-12-97,Ross debates whether to date a faraway beauty or a less desirable woman who lives nearby. Chandler tries to set up a date for Rachel with some co-workers.,15.2/26,23.2
4,11,The One With Phoebe's Uterus,Seth Kurland,David Steinberg,08-01-98,Phoebe's half-brother Frank Jr. returns with exciting news - and asks a huge favor of Phoebe. Ross gets Joey a job as a museum tour guide.,15.7/24,23.7
4,12,The One With The Embryos,Jill Condon & Amy Toomin,Kevin S. Bright,15-01-98,Phoebe's uterus is put to the ultimate test. A seemingly harmless game between the guys and the girls escalates into a full-blown contest to see which pair knows more personal  data about the other.,17.3/27,27.1
4,13,The One With Rachel's Crush,Shana Goldberg-Meehan,Dana De Vally Piazza,29-01-98,Rachel schemes to get a handsome client to ask her on a date. Chandler's jealousy causes problems with his girlfriend.,16.9/27,25.3
4,14,The One With Joey's Dirty Day,Wil Calhoun,Peter Bonerz,05-02-98,"On Joey's first day on a major movie, one of Hollywood's legendary stars finds him in a compromising position in his trailer. Rachel regrets asking Ross for a favor when it sparks a new romance.",17.0/26,25.1
4,15,The One With All The Rugby,"Teleplay by Wil Calhoun, Story by Andrew Reich & Ted Cohen",James Burrows,26-02-98,Chandler's abrasive ex-girlfriend Janice reappears. Monica finds a mysterious switch in Joey and Chandler's old apartment. Ross tries to impress Emily by playing rugby.,16.5/26,24.4
4,16,The One With The Fake Party,"Teleplay by Shana Goldberg-Meehan & Scott Silveri, Story by Alicia Sky Varinaitis",Michael Lembeck,19-03-98,"To become better acquainted with her crush Joshua, Rachel inadvertently thwarts Ross's plans. Phoebe's  pregnancy cravings evoke a sympathetic response from Joey.",15.9/26,23.1
4,17,The One With The Free Porn,"Teleplay by Richard Goodman, Story by Mark J. Kunerth",Michael Lembeck,26-03-98,Chandler and Joey are glued to their TV after discovering an unscrambled adult cable channel. Monica helps Ross tell his girlfriend he loves her. Phoebe gets some surprising pregnancy news.,15.9/27,23.2
4,18,The One With Rachel's New Dress,"Teleplay by Jill Condon & Amy Toomin, Story by Andrew Reich & Ted Cohen",James Burrows,02-04-98,Rachel takes a provocative pose to get Joshua into a romantic mood - but her plans go awry. Chandler and Joey are at odds to persuade Phoebe to name one of her triplets after them.,14.9/24,21.7
4,19,The One With All The Haste,Wil Calhoun & Scott Silveri,Kevin S. Bright,09-04-98,"Drastic developments blight Ross's relationship with Emily. Monica and Rachel try to win back their old apartment, much to Chandler and Joey's delight.",15.4/27,21.8
4,20,The One With All The Wedding Dresses,"Teleplay by Michael Curtis & Gregory S. Malins, Story by Adam Chase",Gail Mancuso,16-04-98,"Distraught over Ross's engagement, Rachel takes Joshua aside and suggests they also get married. Chandler forces Joey to go to a sleep clinic to stop his loud snoring. Monica and Phoebe get obsessed to wedding dresses after trying on Emily's wedding dress.",15.3/26,21.9
4,21,The One With The Invitation,Seth Kurland,Peter Bonerz,23-04-98,Rachel and Ross each reminisce about when they used to date each other. Everyone is disappointed when Rachel decides not to attend the wedding in England.,15.3/27,21.5
4,22,The One With The Worst Best Man Ever,"Teleplay by Michael Curtis & Gregory S. Malins, Story by Seth Kurland",Peter Bonerz,30-04-98,"When Joey's duck swallows Ross' wedding ring, he is worried he'll have to sacrifice his beloved fowl to retrieve it.",16.0/27,23.2
4,23,"The One With Ross' Wedding, Part 1",Michael Borkow,Kevin S. Bright,07-05-98,"Ross tries to encourage Rachel to come to his wedding. Arriving in London, Joey and Chandler go sightseeing but Joey's overly enthusiastic behavior compels Chandler to go off on his own.",21.2/35,31.6
4,24,"The One With Ross' Wedding, Part 2","Teleplay by Shana Goldberg-Meehan & Scott Silveri, Story by Jill Condon & Amy Toomin",Kevin S. Bright,07-05-98,"Back in New York, Rachel realizes her feelings for Ross are stronger than ever and rushes off to the airport as wedding time nears. After a drunken guest mistakes Monica for Ross' mother, She and Chandler console each other and start their romantic journey.",21.2/35,31.6
5,1,The One After Ross Says Rachel,Seth Kurland,Kevin S. Bright,24-09-98,Ross's nuptials continue after his slip-of-the-tongue but wedded bliss doesn't follow. Monica and Chandler try continuing their affair but can't steal a moment alone.,20.0/33,31.1
5,2,The One With All The Kissing,Wil Calhoun,Gary Halvorson,01-10-98,"Ross's attempts at reconciling with Emily go unheeded. Chandler and Monica's affair is challenged by their ""Not-in-New York"" rule.",17.4/29,25.4
5,3,The One Hundredth,Marta Kauffman & David Crane,Kevin S. Bright,08-10-98,"Phoebe is rushed to the hospital, where triplets are born. Joey gets hospitalized next - when his sympathy labor pains turn out to be kidney stones. An unsuspecting Rachel arranges a date for Monica with a male nurse.",17.7/29,26.8
5,4,The One Where Phoebe Hates PBS,Michael Curtis,Shelley Jensen,15-10-98,"Phoebe resents Joey's PBS telethon gig because of a long-running grudge she holds against the network. To cover up her affair with Chandler, Monica tells Rachel she's dating someone from work.",15.7/27,24.1
5,5,The One With The Kips,Scott Silveri,Dana De Vally Piazza,29-10-98,Monica and Chandler go to Atlantic City for a weekend by themselves. Ross tries to tell Rachel they can't be friends once Emily arrives in New York.,17.0/27,25.9
5,6,The One With The Yeti,Alexa Junge,Gary Halvorson,05-11-98,"While rummaging in the storage room, Monica and Rachel meet a hairy neighbor they first mistake for a yeti. To smooth things over with Emily, Ross agrees to de-Rachelize his apartment.",16.8/26,25.0
5,7,The One Where Ross Moves In,Perry Rein & Gigi McCreery,Gary Halvorson,12-11-98,"With his marriage on the rocks, Ross moves in with Chandler and Joey. Rachel is convinced that her neighbor Danny is trying to seduce her with mind games.",16.1/26,24.4
5,8,The One With All The Thanksgivings,Gregory S. Malins,Kevin S. Bright,19-11-98,The gang reminisces about their worst Thanksgivings. Phoebe's takes her back to 1862. Elaborate tales are spun to try and uncover Monica's worst memory.,16.3/26,23.9
5,9,The One With Ross' Sandwich,Andrew Reich & Ted Cohen,Gary Halvorson,10-12-98,Ross is enraged when someone at work steals his Thanksgiving leftovers sandwich. Joey threatens to crack under the strain of knowing about Monica and Chandler's affair.,15.7/26,23.0
5,10,The One With The Inappropriate Sister,Shana Goldberg-Meehan,Dana De Vally Piazza,17-12-98,Monica maneuvers Rachel and Danny into dating but Rachel has second thoughts after observing Danny's unusually close relationship with his sister.,15.8/27,23.7
5,11,The One With All The Resolutions,"Teleplay by Suzie Villandry, Story by Brian Boyle",Joe Regalbuto,07-01-99,"As the new year approaches, everyone makes resolutions, some more realistic than others. Ross's resolution causes him to wear hot leather pants on a date...perhaps too hot.",17.6/27,27.0
5,12,The One With Chandler's Work Laugh,Alicia Sky Varinaitis,Kevin S. Bright,21-01-99,Monica uncovers the fake laugh Chandler reserves for his boss's bad jokes. Rachel is upset that Monica hasn't 'fessed up about her affair. Word comes of Emily's remarriage plans.,16.8/26,24.8
5,13,The One With Joey's Bag,"Teleplay by Seth Kurland, Story by Michael Curtis",Gail Mancuso,04-02-99,"When Rachel helps Joey change his image to help him land an acting gig, she includes a shoulder bag that's rather purselike. Phoebe is shocked when her dad attends her grandmother's funeral.",16.9/26,24.9
5,14,The One Where Everybody Finds Out,Alexa Junge,Michael Lembeck,11-02-99,"When Phoebe finds out about the Monica/Chandler affair, she tests Chandler via flirtation. Ugly Naked Guy's apartment goes up for rent and Ross wants it.",17.8/28,27.7
5,15,The One With The Girl Who Hits Joey,Adam Chase,Kevin S. Bright,18-02-99,"When Joey starts dating Katie, he finds she packs a painful punch. Ross has trouble making friends with his new neighbors.",19.0/29,29.3
5,16,The One With The Cop,"Teleplay by Gigi McCreery & Perry Rein, Story by Alicia Sky Varinaitis",Andrew Tsao,25-02-99,"Phoebe finds a police badge inside the Central Perk sofa. Rather than return it, she decides to embark on a ""good-deeds"" campaign. Joey is unnerved by his romantic dream about Monica.",17.6/28,26.0
5,17,The One With Rachel's Inadvertent Kiss,Andrew Reich & Ted Cohen,Shelley Jensen,18-03-99,"After a job interview, Rachel impulsively kisses her potential boss on the cheek. Joey tries to find a hot girl who lives in Ross' apartment but instead ending up in Ross' apartment. Phoebe and Gary vie for ""steamiest-affair"" with Monica and Chandler.",16.6/27,24.5
5,18,The One Where Rachel Smokes,Michael Curtis,Todd Holland,08-04-99,Rachel takes up smoking at her new job as a way of making inroads with the boss. Ross' son Ben joins Joey on an audition for a soup commerical.,14.8/26,21.9
5,19,The One Where Ross Can't Flirt,Doty Abrams,Gail Mancuso,22-04-99,Joey's Italian-speaking grandma joins the gang in watching his Law & Order debut. Ross decides to order lots and lots of pizza in order to flirt with the delivery girl.,14.4/25,20.9
5,20,The One With The Ride-Along,Shana Goldberg-Meehan & Seth Kurland,Gary Halvorson,29-04-99,"As Emily's wedding nears, the group does its best to distract Ross. A gunshot and a meatball sandwich take center stage when the guys go out on the beat with Phoebe's cop boyfriend.",13.9/24,19.6
5,21,The One With The Ball,"Teleplay by Greg Malins, Story by Scott Silveri",Gary Halvorson,06-05-99,"Phoebe asks Chandler to talk Gary out of asking her to move in with him. To fulfill a childhood dream, Rachel buys a sphinx cat which doesn't behave as planned.",14.3/25,20.9
5,22,The One With Joey's Big Break,"Teleplay by Wil Calhoun, Story by Shana Goldberg-Meehan",Gary Halvorson,13-05-99,"Joey is excited about landing a lead role in a movie shooting just outside Las Vegas - but furious with Chandler after he confesses his doubts that it will be his ""big break."" Rachel's right eye is itchy and Monica takes her to the doctor who tells her to take eye drops. But however, Rachel is terrified to take the eye-drops.",14.8/26,21.3
5,23,"The One In Vegas, Part 1",Andrew Reich & Ted Cohen,Kevin S. Bright,20-05-99,"After his film gig falls through, Joey begs Chandler not to visit. But when Monica decides to celebrate her one-year anniversary with Chandler in Vegas, no one wants to be left behind.",17.0/29,25.9
5,24,"The One In Vegas, Part 2",Greg Malins & Scott Silveri,Kevin S. Bright,20-05-99,"Joey tries to convince a blackjack dealter with identical hands to join him in a business venture. While playing craps with Monica, Chandler makes the bet of a lifetime.",17.0/29,25.9
6,1,The One After Vegas,Adam Chase,Kevin S. Bright,23-09-99,A hungover Ross and Rachel are shocked to discover they are husband and wife. Joey and Phoebe have a cross-country adventure.,17.8/30,27.7
6,2,The One Where Ross Hugs Rachel,Shana Goldberg-Meehan,Gail Mancuso,30-09-99,"When Monica and Chandler tell Rachel that they are moving in together, she mistakenly believes that all three will be roommates. Phoebe discovers that Ross hasn't annulled his marriage to Rachel.",15.8/27,22.9
6,3,The One With Ross' Denial,Seth Kurland,Gary Halvorson,07-10-99,Monica and Chandler argue about what to do with Rachel's room after she moves out. Ross suggests that Rachel move in with him.,14.9/25,21.6
6,4,The One Where Joey Loses His Insurance,Andrew Reich & Ted Cohen,Gary Halvorson,14-10-99,"Joey gets a hernia just as he learns his health insurance has lapsed. When a psychic predicts she'll die within a week, Phoebe plans to make the most of her final days.",13.8/23,21.1
6,5,The One With Joey's Porsche,Perry Rein & Gigi McCreery,Gary Halvorson,21-10-99,Joey finds keys to a Porsche and pretends the car is his to impress women. Rachel tries to have her marriage to Ross annulled on the basis of his mental instability.,15.0/25,22.4
6,6,The One On The Last Night,Scott Silveri,David Schwimmer,04-11-99,"While boxing up Rachel's belongings, the girls reminisce about their time spent as roommates. Joey's pride forces Chandler to invent a creative way to lend him money.",15.5/24,23.6
6,7,The One Where Phoebe Runs,Sherry Bilsing-Graham & Ellen Plummer,Gary Halvorson,11-11-99,"Phoebe's unorthodox, attention-getting jogging style embarrasses running mate Rachel. Chandler tries to surprise Monica by cleaning the apartment but forgets where everything goes therefore, seeking help from Ross. Joey's new roommate, a dancer from Australia, moves in with him.",15.1/24,22.7
6,8,The One With Ross' Teeth,"Teleplay by Perry Rein & Gigi McCreery, Story by Andrew Reich & Ted Cohen",Gary Halvorson,18-11-99,"Rumor has it that Rachel's boss Ralph Lauren made a romantic pass at Phoebe. Ross has a ""bright"" idea to impress his date.",14.8/24,22.1
6,9,The One Where Ross Got High,Greg Malins,Kevin S. Bright,25-11-99,Monica hosts Thanksgiving and Chandler uses the occasion to try and win her parents over. Rachel tests her confused culinary skills on dessert.,10.9/21,19.2
6,10,The One With The Routine,Brian Boyle,Kevin S. Bright,16-12-99,"Joey, Ross and Monica attend a taping of Dick Clark's New Year's Rockin' Eve. Joey has special plans for his roommate Janine at the midnight hour.",15.0/25,22.4
6,11,The One With The Apothecary Table,"Teleplay by Brian Boyle, Story by Zachary Rosenblatt",Kevin S. Bright,06-01-00,"After double-dating, Joey learns of Janine's dislike for Monica and Chandler. Rachel tries to convince Phoebe that her cute new apothecary table is a priceless antique.",14.9/23,22.3
6,12,The One With The Joke,"Teleplay by Andrew Reich & Ted Cohen, Story by Shana Goldberg-Meehan",Gary Halvorson,13-01-00,"When Ross gets a joke printed in Playboy, Chandler claims credit for it. Joey reluctantly takes a job as a waiter at Central Perk.",15.1/23,22.3
6,13,The One With Rachel's Sister,"Teleplay by Sherry Bilsing & Ellen Plummer, Story by Seth Kurland",Gary Halvorson,03-02-00,"When her sister Jill visits, Rachel worries about the sparks that seem to fly between her and Ross. Monica tries to seduce Chandler, despite having the flu.",15.6/24,24.1
6,14,The One Where Chandler Can't Cry,Andrew Reich & Ted Cohen,Kevin S. Bright,10-02-00,Rachel forces Ross to cancel his date with her sister. Phoebe discovers she's being mistaken for a porn star. Chandler admits he hasn't been able to cry since he was a child.,15.4/24,23.8
6,15,"The One That Could Have Been, Part 1",Greg Malins & Adam Chase,Michael Lembeck,17-02-00,The gang ponders what might have been if: Ross had stayed with his lesbian wife; a married Rachel had fallen for Days of Our Lives star Joey; a portly Monica had been obsessed with losing her virginity; Chandler had been a struggling writer; and Phoebe had been a stockbroker.,16.7/26,20.7
6,16,"The One That Could Have Been, Part 2",David Crane & Marta Kauffman,Michael Lembeck,17-02-00,The gang ponders what might have been if: Ross had stayed with his lesbian wife; a married Rachel had fallen for Days of Our Lives star Joey; a portly Monica had been obsessed with losing her virginity; Chandler had been a struggling writer; and Phoebe had been a stockbroker.,16.7/26,20.7
6,17,The One With Unagi,"Teleplay by Adam Chase, Story by Zachary Rosenblatt",Gary Halvorson,24-02-00,Ross tries to teach martial arts to Rachel and Phoebe. Joey hires a look-alike to pose as his twin brother for a medical experiment.,14.4/23,22.1
6,18,The One Where Ross Dates A Student,Seth Kurland,Gary Halvorson,09-03-00,"Ross flirts with danger when he dates an attractive student. After a fire damages their apartment, Rachel and Phoebe are forced to move in with their friends.",13.9/22,20.5
6,19,The One With Joey's Fridge,"Teleplay by Gigi McCreery & Perry Rein, Story by Seth Kurland",Ben Weiss,23-03-00,"When Rachel needs a date for a charity event, Monica and Phoebe compete to find her the best escort. Ross obsesses about his girlfriend spending spring break in Florida. Joey's refrigerator breaks.",14.3/24,21.5
6,20,The One With Mac And C.H.E.E.S.E.,Doty Abrams,Kevin S. Bright,13-04-00,"Joey gets an audition for the lead in a TV show, which sparks memorable and bizarre flashbacks for the gang.",12.8/22,18.8
6,21,The One Where Ross Meets Elizabeth's Dad,"Teleplay by Scott Silveri, Story by David J. Lagana",Michael Lembeck,27-04-00,"Ross dreads meeting his college girlfriend's disapproving father. When Joey insults his robot co-star, he jeopardizes his future on the show.",14.7/25,20.6
6,22,The One Where Paul's The Man,"Teleplay by Sherry Bilsing & Ellen Plummer, Story by Brian Caldirola",Gary Halvorson,04-05-00,"Despite Paul's threats, Ross and Elizabeth secretly head off to her family's mountain cabin. Paul and Rachel have exactly the same plan.",13.7/24,20.0
6,23,The One With The Ring,Andrew Reich & Ted Cohen,Gary Halvorson,11-05-00,Chandler asks Phoebe's help in choosing a ring for Monica. Rachel regrets pushing Paul to express his feelings.,14.4/25,20.9
6,24,"The One With The Proposal, Part 1",Shana Goldberg-Meehan & Scott Silveri,Kevin S. Bright,18-05-00,"The big evening has arrived, but Chandler's romantic plans are ruined when Monica's ex-boyfriend appears. Things sail way off course when Rachel, Phoebe and Joey attend a charity auction. Due to the friends thinking that Ross' relationship with Elizabeth is not going anywhere, he breaks up with her.",20.0/32,30.7
6,25,"The One With The Proposal, Part 2",Andrew Reich & Ted Cohen,Kevin S. Bright,18-05-00,"Rachel and Phoebe arrange ""backups"". Chandler tries to win Monica back after he fears he ruined things.",20.0/32,30.7
7,1,The One With Monica's Thunder,"Teleplay by David Crane & Marta Kauffman, Story by Wil Calhoun",Kevin S. Bright,05-10-00,"Minutes after Chandler proposes to Monica, she plans to celebrate on the town with he pals - until she catches Ross and Rachel kissing.",16.6/27,25.54
7,2,The One With Rachel's Book,Andrew Reich & Ted Cohen,Michael Lembeck,12-10-00,"Monica's dream of elaborate nuptials fizzles when she learns what her parents have done with her wedding fund. Rachel is embarrassed when a teasing Joey stumbles onto her juicy, late-night reading material.",18.0/28,27.93
7,3,The One With Phoebe's Cookies,Sherry Bilsing & Ellen Plummer,Gary Halvorson,19-10-00,Chandler's bonding attempt with his future father-in-law during a close sauna encounter backfires. Monica tries to replicate Phoebe's grandmother's secret cookie recipe by deconstructing her one last cookie.,15.2/25,22.70
7,4,The One With Rachel's Assistant,Brian Boyle,David Schwimmer,26-10-00,"When Rachel is promoted, she gleefully considers hiring an inexperienced hunk as her executive assistant. In a free-for-all tell-all game, Chandler and Monica expose humiliating secrets from each other's pasts.",14.7/24,22.66
7,5,The One With The Engagement Picture,"Teleplay by Patty Lin, Story by Earl Davis",Gary Halvorson,02-11-00,"Unphotogenic Chandler can't get a good photo taken with Monica. Rachel plans to get closer to her hunky assistant by encouraging him to hang out with Joey, but the plan sours when he picks up on Joey's moves.",15.2/24,24.43
7,6,The One With The Nap Partners,Brian Buckner & Sebastian Jones,Gary Halvorson,09-11-00,Monica frets when she meets one of Chandler's long-lost girlfriends and learns that he dumped her because she was fat. Phoebe and Rachel vie for the honor of becoming Monica's bridesmaid.,14.5/22,22.01
7,7,The One With Ross' Library Book,Scott Silveri,David Schwimmer,16-11-00,"When Joey decides to stop dating a girl that Rachel and Phoebe have come to adore, the ladies take action to change his mind. Ross fumes when he discovers the location of his dissertation in the university library.",15.7/25,23.73
7,8,The One Where Chandler Doesn't Like Dogs,Patty Lin,Kevin S. Bright,23-11-00,"A beaming Rachel is happily surprised when her assistant Tag shows up at the gang's Thanksgiving dinner. Phoebe sneaks a puppy into the apartment, forcing Chandler to confess why he hates dogs.",9.6/19,16.57
7,9,The One With All The Candy,Wil Calhoun,David Schwimmer,07-12-00,"Monica whips up some holiday candy for the neighbors. Rachel and Tag set the ground rules for their new romance. Moved by Phoebe's bikeless childhood story, Ross buys her a new two-wheeler.",13.6/22,21.08
7,10,The One With The Holiday Armadillo,Greg Malins,Gary Halvorson,14-12-00,"Ross wants to introduce son Ben to Hanukkah. In order to entice Rachel to move back into their refurbished apartment, Phoebe must drive a wedge between Rachel and current roomie Joey.",15.1/24,23.26
7,11,The One With All The Cheesecakes,Scott Silveri,Gary Halvorson,04-01-01,Phoebe's old flame David visits from Russia for an evening of romance. Rachel and Chandler swipe deliveries of a particularly tasty cheesecake from their neighbor's doorstep.,15.0/24,24.37
7,12,The One Where They're Up All Night,Zack Rosenblatt,Kevin S. Bright,11-01-01,Rachel and Tag's first night together is put on hold when they realize they forgot to overnight an important package. Ross and Joey are stuck on the roof and Phoebe can't disable a relentlessly beeping smoke alarm. Monica and Chandler cannot get to sleep.,14.8/23,22.86
7,13,The One Where Rosita Dies,"Teleplay by Brian Buckner & Sebastian Jones, Story by Sherry Bilsing & Ellen Plummer",Stephen Prime,01-02-01,Phoebe has a bizarre first day in her new job when she encounters a distraught office manager in a suicidal mood. Rachel and Chandler both believe they have broken Joey's favorite chair.,14.2/22,22.24
7,14,The One Where They All Turn Thirty,"Teleplay by Sherry Bilsing & Ellen Plummer, Story by Vanessa McCarthy",Ben Weiss,08-02-01,Rachel's agony over her 30th birthday starts everyone reminiscing about what they did upon reaching that milestone.,13.9/21,22.40
7,15,The One With Joey's New Brain,"Teleplay by Andrew Reich & Ted Cohen, Story by Sherry Bilsing & Ellen Plummer",Kevin S. Bright,15-02-01,Joey accidentally lets slip to a Days of Our Lives castmate that she is being written out of the script. Rachel and Phoebe try to sabotage each other's chances to date a guy who left his cell phone at Central Perk.,14.0/22,21.75
7,16,The One With The Truth About London,"Teleplay by Zachary Rosenblatt, Story by Brian Buckner & Sebastian Jones",David Schwimmer,22-02-01,"Monica and Chandler grudgingly agree to let Joey marry them - once he's been ""ordained"" via the Internet. While babysitting, Rachel teaches Ben a few practical jokes.",13.7/21,21.22
7,17,The One With The Cheap Wedding Dress,"Teleplay by Andrew Reich & Ted Cohen, Story by Brian Buckner & Sebastian Jones",Kevin S. Bright,15-03-01,Monica regrets telling a fellow bride-to-be about a cheaper bridal store when she has to fight her tooth-and-nail for a unique wedding dress - and later the right to hire Chandler's favorite band for the event!,13.9/23,20.84
7,18,The One With Joey's Award,"Teleplay by Brian Boyle, Story by Sherry Bilsing & Ellen Plummer",Gary Halvorson,29-03-01,"Joey is overjoyed to be nominated for a ""Soapie"". Monica gets wedding jitters.",12.1/19,17.81
7,19,The One With Ross And Monica's Cousin,Andrew Reich & Ted Cohen,Gary Halvorson,19-04-01,"When Monica and Ross's alluring cousin visits, her irresistible beauty causes serious distractions for all the men who meet her. Rachel and Phoebe try to rush their plans for Monica's shower.",11.4/19,16.55
7,20,The One With Rachel's Big Kiss,Shana Goldberg-Meehan & Scott Silveri,Gary Halvorson,26-04-01,Rachel bumps into her old sorority sister and wonders whether she should confront her about a night in college when their friendship took a passionate turn.,10.9/19,16.30
7,21,The One With The Vows,Doty Abrams,Gary Halvorson,03-05-01,"Writing their wedding vows proves a daunting task for Monica and Chandler. Looking back over the pair's relationship, the other friends worry about changes in store for all of them.",10.1/17,15.65
7,22,The One With Chandler's Dad,"Teleplay by Brian Buckner & Sebastian Jones, Story by Greg Malins",Gary Halvorson & Kevin S. Bright,10-05-01,Monica arranges a meeting between Chandler and his estranged dad in hopes that they can reconcile before the ceremony. Rachel and a reluctant Ross borrow the keys to Monica's Porsche.,11.4/21,17.23
7,23,"The One With Monica And Chandler's Wedding, Part 1",Greg Malins,Kevin S. Bright,17-05-01,"Monica and Chandler gather their offbeat families on the eve of their wedding but there's one problem: Chandler is missing. While Ross searches for him, Rachel and Phoebe desperately try to distract the unsuspecting bride.",11.4/21,17.23
7,24,"The One With Monica And Chandler's Wedding, Part 2",David Crane & Marta Kauffman,Kevin S. Bright,17-05-01,Monica and Chandler get married. Someone is hiding a big surprise.,18.7/31,30.05
8,1,The One After I Do,David Crane & Marta Kauffman,Kevin S. Bright,27-09-01,Monica and Chandler's wedding reception is almost upstaged by the news that someone may be pregnant. Phoebe suspects its Rachel and comes up with a plan to cover for her friend.,19.5/31,31.70
8,2,The One With The Red Sweater,Dana Klein Borkow,David Schwimmer,04-10-01,"Monica and Phoebe speculate about who might be the father of Rachel's baby. Mistakenly thinking Phoebe is the one who's pregnant, Joey makes a gallant gesture.",18.9/31,30.04
8,3,The One Where Rachel Tells...,Sherry Bilsing-Graham & Ellen Plummer,Sheldon Epps,11-10-01,"Everybody seems to know who the father of Rachel's baby is, except the guy himself: Ross. Phoebe and Joey fib about a gas leak to gain entry to Monica and Chandler's apartment.",17.9/26,29.20
8,4,The One With The Videotape,Scott Silveri,Kevin S. Bright,18-10-01,Ross and Rachel's attempt to explain how they wound up getting pregnant turns into an argument over who came on to whom - until Ross makes the shocking announcement that he has the encounter on videotape.,16.0/25,25.58
8,5,The One With Rachel's Date,Brian Buckner & Sebastian Jones,Gary Halvorson,25-10-01,"Ross is horrified to learn that the pregnant Rachel is headed out on a date with a handsome actor, while Phoebe protests when Monica wants to fire a cute but clumsy sous-chef whom she fancies.",16.1/25,25.64
8,6,The One With The Halloween Party,Mark Kunerth,Gary Halvorson,01-11-01,"At Monica's Halloween party, Phoebe meets her twin sister Ursula's fiance and finds herself attracted to him as well.",16.8/25,26.96
8,7,The One With The Stain,R. Lee Fleming Jr.,Kevin S. Bright,08-11-01,Ross learns Rachel wants to move out and find her own place... and suggests a vacancy in his building. But Joey gives Ross tough competition when he puts a nursery in their apartment to make her stay.,15.2/23,24.24
8,8,The One With The Stripper,Andrew Reich & Ted Cohen,David Schwimmer,15-11-01,"Feeling guilty for denying Chandler a reach bachelor party, Monica arranges for a stripper to perform for him, but Chandler's in for a big surprise.",16.1/25,26.54
8,9,The One With The Rumor,Shana Goldberg-Meehan,Gary Halvorson,22-11-01,Monica bumps into an old high school friend and invites him to Thanksgiving dinner with the gang - unaware that he isn't exactly fond of Rachel.,12.7/25,24.24
8,10,The One With Monica's Boots,"Teleplay by Brian Buckner & Sebastian Jones, Story by Robert Carlock",Kevin S. Bright,06-12-01,"Chandler is peeved when Monica splurges on an expensive pair of boots. When Phoebe learns Ross's and Sting's children attend the same school, she angles to meet the celebrity and get concert tickets.",14.0/23,22.44
8,11,The One With Ross' Step Forward,Robert Carlock,Gary Halvorson,13-12-01,"Ross becomes nervous when Mona wants to mail a joint Christmas card with the couple's picture. As the hormonal effects of her pregnancy kick in, Rachel searches for possible romantic partners - such as Joey].",14.9/25,23.85
8,12,The One Where Joey Dates Rachel,Sherry Bilsing-Graham,David Schwimmer,10-01-02,"To prepare Joey for a big date, Rachel goes out with him for a night on the town. But things take an unexpected turn: the date is a success and Joey becomes intensely attracted to Rachel.",16.1/24,25.53
8,13,The One Where Chandler Takes A Bath,Vanessa McCarthy,Ben Weiss,17-01-02,Joey is crazy with guilt over his newfound affection for Rachel - and things get screwier when Monica mistakenly thinks he's infatuated with Phoebe.,17.5/27,29.24
8,14,The One With The Secret Closet,Brian Buckner & Sebastian Jones,Kevin S. Bright,31-01-02,Chandler becomes obsessed with finding out what is behind the locked door of Monica's forbidden closet. Phoebe feels betrayed when she discovers Monica has been using another massage therapist.,17.8/28,28.64
8,15,The One With The Birthing Video,Dana Klein Borkow,Kevin S. Bright,07-02-02,Monica goes all out for Valentine's Day with sexy lingerie and X-rated entertainment. But Chandler is too shell-shocked to respond after he accidentally watches a birthing video meant for Rachel.,17.8/28,28.64
8,16,The One Where Joey Tells Rachel,Andrew Reich & Ted Cohen,Ben Weiss,28-02-02,"Joey tells Ross about his true feelings for Rachel. They agree that Joey should tell Rachel during dinner, regardless of the consequences. Chandler fears that Phoebe's new boyfriend Don may be more compatible with Monica than he is.",17.4/27,27.52
8,17,The One With The Tea Leaves,"Teleplay by Steven Rosenhaus, Story by R. Lee Fleming Jr.",Gary Halvorson,07-03-02,"Phoebe determine through reading tea leaves that she'll soon meet the man of her dreams. Feeling awkward after revealing his true feelings for Rachel, Joey keeps a low profile.",16.3/25,26.30
8,18,The One In Massapequa,"Teleplay by Mark Kunerth, Story by Peter Tibbals",Gary Halvorson,28-03-02,Monica regrets her request to supplant Ross as the designated toast-giver at their parents' 35th wedding anniversary. Phoebe's latest boyfriend drives everyone at the party crazy with his upbeat optimism.,13.7/23,22.05
8,19,The One With Joey's Interview,Doty Abrams,Gary Halvorson,04-04-02,Joey is thrilled when his name is used in a Soap Opera Digest crossword. But he's reluctant for them to do a profile of him because his last interview got him into so much trouble he was written out of the show.,14.7/24,22.59
8,20,The One With The Baby Shower,Sherry Bilsing-Graham & Ellen Plummer,Kevin S. Bright,25-04-02,Rachel panics that she is unprepared to care for a newborn and reluctantly goes along with her mother's plans to move in and help out - which hardly makes roommate Ross jump for joy.,14.4/23,22.24
8,21,The One With The Cooking Class,"Teleplay by Brian Buckner & Sebastian Jones, Story by Dana Klein Borkow",Gary Halvorson,02-05-02,"Monica's restaurant is hit with a bad review, and she drags Joey along to a class taught by the critic in the hope of changing his mind. While shopping for baby gear, Rachel is put out when a salesgirl flirts with Ross.",15.4/25,23.97
8,22,The One Where Rachel Is Late,Shana Goldberg-Meehan,Gary Halvorson,09-05-02,An overdue Rachel will try anything to get the baby moving. Joey is ticked off when Chandler nods off during he screening of his new movie.,15.4/26,24.32
8,23,"The One Where Rachel Has A Baby, Part 1",Scott Silveri,Kevin S. Bright,16-05-02,"Rachel's baby nears delivery with an anxious Ross nearby. While she's in endless labor hell, her waiting friends cause hospital havoc. Chandler and Monica search for privacy in a quest to have their own baby.",15.4/26,24.32
8,24,"The One Where Rachel Has A Baby, Part 2",David Crane & Marta Kauffman,Kevin S. Bright,16-05-02,Rachel has her baby and names her Emma. Joey finds Ross's ring and Rachel thinks Joey is proposing to her!,21.1/34,34.91
9,1,The One Where No One Proposes,Sherry Bilsing-Graham & Ellen Plummer,Kevin S. Bright,26-09-02,"Due to a misunderstanding, Rachel finds herself engaged to Joey instead of Ross. Things get more confused when Phoebe mistakenly assumes that Ross is the one who proposed.",20.3/31,34.01
9,2,The One Where Emma Cries,Dana Klein Borkow,Sheldon Epps,03-10-02,Joey's attempts to gain Ross's forgiveness for mistakenly asking Rachel to marry him only result in emergency hospitalization. A weary Rachel seeks any remedy to quell baby Emma's nonstop crying.,17.6/28,28.93
9,3,The One With The Pediatrician,Brian Buckner & Sebastian Jones,Roger Christiansen,10-10-02,Rachel's constant calls to her pediatrician force him to drop Emma as a patient. Ross becomes uncomfortable when Rachel seeks his childhood doctor as a replacement - mainly because he is still Ross' doctor.,16.6/26,26.63
9,4,The One With The Sharks,Andrew Reich & Ted Cohen,Ben Weiss,17-10-02,"Worried she may lose her latest boyfriend, Phoebe's self-doubt is worsened by Ross's foolish comments. Monica mistakenly fears Chandler has an unnatural fetish for sharks.",16.1/25,25.82
9,5,The One With Phoebe's Birthday Dinner,Scott Silveri,David Schwimmer,31-10-02,"While Phoebe and Joey await their friends at a fancy restaurant, Rachel frets about leaving Emma with a sitter. Monica and Chandler are also running late due to a heated spat.",15.6/25,24.46
9,6,The One With The Male Nanny,Marta Kauffman & David Crane,Kevin S. Bright,07-11-02,Rachel's choice of an oversensitive male nanny sparks Ross's mockery. Phoebe must choose between two ardent suitors: new boyfriend Mike or visiting former boyfriend David.,17.0/26,27.51
9,7,The One With Ross' Inappropriate Song,Robert Carlock,Gary Halvorson,14-11-02,"When Chandler's former romantic rival intends to sell his apartment, Chandler and Joey secretly inspect it...and make a shocking discovery. Ross discovers that singing rap is the only way to get baby Emma to laugh.",15.8/25,25.35
9,8,The One With Rachel's Other Sister,Shana Goldberg-Meehan,Kevin S. Bright,21-11-02,"On the night before Thanksgiving, Rachel's self-centered younger sister Amy ruins everyone's holiday dinner with her uncensored observations.",17.0/26,26.76
9,9,The One With Rachel's Phone Number,Mark Kunerth,Ben Weiss,05-12-02,"While out with Phoebe, Rachel impulsively gives a handsome guy her phone number - then worries he'll call when Ross is in. Mike and Ross desperately try finding something to talk about while baby-sitting Emma.",15.8/24,25.43
9,10,The One With Christmas In Tulsa,Doty Abrams,Kevin S. Bright,12-12-02,Chandler must stay in Tulsa over Christmas due to work deadlines. Monica suspects the worst when she learns that his beautiful co-worker Wendy will join him.,14.5/23,22.29
9,11,The One Where Rachel Goes Back To Work,"Teleplay by Peter Tibbals, Story by Judd Rubin",Gary Halvorson,09-01-03,"Rachel meets her handsome rival Gavin, who has covered her job while she's been on maternity leave. Their immediate war of wills prompts her to make a rash decision that she could regret. Meanwhile, Phoebe works as an extra on Days Of Our Lives",15.2/24,23.67
9,12,The One With Phoebe's Rats,"Teleplay by Brian Buckner & Sebastian Jones, Story by Dana Klein Borkow",Ben Weiss,16-01-03,Rachel is peeved to learn that Gavin is invited to her birthday party. Ross struggles to keep lascivious Joey away from Emma's beautiful new nanny. Phoebe coaxes Mike into helping care for a litter of baby rats.,15.1/23,23.66
9,13,The One Where Monica Sings,"Teleplay by Steven Rosenhaus, Story by Sherry Bilsing-Graham & Ellen Plummer",Gary Halvorson,30-01-03,"As Rachel sorts out her feelings for Gavin, Ross recruits Chandler to help him meet attractive women to make her jealous. Monica's see-through dress is a big hit when Phoebe brings her to karaoke night!",16.3/25,25.82
9,14,The One With The Blind Dates,Sherry Bilsing-Graham & Ellen Plummer,Gary Halvorson,06-02-03,"Joey and Phoebe conspire to arrange awful dates for both Rachel and Ross, hoping that appreciation of their former relationship will cause them to reunite.",14.7/22,23.37
9,15,The One With The Mugging,Peter Tibbals,Gary Halvorson,13-02-03,"To impress a pompous fellow actor during an audition, Joey develops an unusual acting method. Ross is horrified to discover who mugged him when he was a child.",13.5/21,20.85
9,16,The One With The Boob Job,Mark Kunerth,Gary Halvorson,20-02-03,"Phoebe asks Mike to move in with her, but coming so close to married life may spell trouble. The financially strapped Monica and Chandler separately and unknowingly ask Joey for loans.",12.8/19,19.52
9,17,The One With The Memorial Service,"Teleplay by Brian Buckner & Sebastian Jones, Story by Robert Carlock",Gary Halvorson,13-03-03,"When Chandler jokingly posts an outrageous biography of Ross on his college alumni website, Ross retaliates in similar fashion - triggering an Internet war between the two friends.",13.5/21,21.00
9,18,The One With The Lottery,"Teleplay by Sherry Bilsing-Graham & Ellen Plummer, Story by Brian Buckner & Sebastian Jones",Gary Halvorson,03-04-03,"Hoping to win a huge jackpot, the friends pool their cash and buy dozens of lottery tickets. But bickering over how to spend potential winnings and other disagreements cause a lotto tension.",13.0/21,20.79
9,19,The One With Rachel's Dream,"Teleplay by Mark Kunerth, Story by Dana Klein Borkow",Terry Hughes,17-04-03,"Nervous about an upcoming romantic scene, Joey rehearses with Rachel. After watching the show's taping, Rachel has a surprising dream about Joey.",12.0/21,18.25
9,20,The One With The Soap Opera Party,"Teleplay by Andrew Reich & Ted Cohen, Story by Shana Goldberg-Meehan",Sheldon Epps,24-04-03,Ross is excited when his paleontology colleague Charlie is also a stunning beauty. But the excitement fades when she discusses her impressive list of ex-boyfriends at Joey's rooftop party for his Days of Our Lives castmates.,13.7/23,20.71
9,21,The One With The Fertility Test,"Teleplay by Robert Carlock, Story by Scott Silveri",Gary Halvorson,01-05-03,"Ross is hurt when brilliant Charlie starts dating shallow Joey. However, Joey asks him for advice on how to impress her. Meanwhile, Chandler and Monica have a chance encounter at a fertility clinic.",12.8/21,19.03
9,22,The One With The Donor,Andrew Reich & Ted Cohen,Ben Weiss,08-05-03,"Sad to learn that they cannot conceive naturally, Monica and Chandler mull their options. Chandler brings home a handsome, unknowing co-worker for dinner to ""interview"" him as a potential sperm donor. After deciding that having a sperm donor is not right for them, they decide to adopt.",12.8/21,19.55
9,23,"The One In Barbados, Part 1",Shana Goldberg-Meehan & Scott Silveri,Kevin S. Bright,15-05-03,"Ross procures free passes for his friends to a paleontologists' convention in Barbados, then scrambles to reconstruct - with Charlie's help - his keynote address after its accidental erasure from his computer. Mike arrives to win Phoebe back.",12.8/21,19.55
9,24,"The One In Barbados, Part 2",Marta Kauffman & David Crane,Kevin S. Bright,15-05-03,Monica and Mike play a heated game of ping pong. Rachel can't hide her feelings for Joey any longer...,16.0/26,25.46
10,1,The One After Joey And Rachel Kiss,Andrew Reich & Ted Cohen,Kevin S. Bright,25-09-03,"Romantic hookups continue to go astray in Barbados as Monica, Phoebe and Chandler overhear Ross kissing Charlie, while through the room's other wall they can eavesdrop on Joey and Rachel.",15.6/25,24.54
10,2,The One Where Ross Is Fine,Sherry Bilsing-Graham & Ellen Plummer,Ben Weiss,02-10-03,"Rachel, Joey and Charlie spend an uncomfortable evening with Ross while Chandler commits an unpardonable act when he and Monica visit a couple who have adopted a cute boy. Phoebe is visited by a desperate Frank Jr., who can't cope with his triplets.",15.1/24,22.38
10,3,The One With Ross' Tan,Brian Buckner,Gary Halvorson,09-10-03,"Rachel and Joey nervously anticipate their first real ""night"" together. Monica and Phoebe try to avoid an obnoxious old friend who puts on airs and a fake accent. Ross envies Monica's sprayed-on tan and enters the tanning booth, where two-toned disaster strikes.",14.0/22,21.87
10,4,The One With The Cake,Robert Carlock,Gary Halvorson,23-10-03,Rachel convinces Monica to delay a long anticipated trip to Vermont. But complications ensue when an X-rated birthday cake arrives.,12.4/20,18.77
10,5,The One Where Rachel's Sister Baby-Sits,Dana Klein Borkow,Robert Christiansen,30-10-03,Rachel convinces spoiled sister Amy to baby-sit Emma over Ross's protests. Phoebe unknowingly thwarts Mike's surprise for her. Joey scares Monica and Chandler with a recommendation letter on their behalf to a child adoption agency.,13.0/21,19.37
10,6,The One With Ross' Grant,Sebastian Jones,Ben Weiss,06-11-03,"Ross interviews with a Nobel Prize-winning scientist for a paleontology grant - but the doctor is Charlie's ex-boyfriend, who offers Ross the grant only if he breaks up with her. Phoebe sends Monica and Rachel screaming with her artistic creation of ""Gladys"".",13.4/21,20.38
10,7,The One With The Home Study,Mark J. Kunerth,Kevin S. Bright,13-11-03,Monica and Chandler meet with an adoption worker who will decide if they're suitable parents - and who confesses that she was once romanced by a cad named Joey in the same building.,13.2/21,20.21
10,8,The One With The Late Thanksgiving,Shana Goldberg-Meehan,Gary Halvorson,20-11-03,"Monica prepares a Thanksgiving feast and is furious when no one shows up! When Joey gets stuck in the door, Monica and Chandler have the ideal remedy. Phoebe convinces Rachel to enroll Emma in a baby beauty contest.",13.4/21,20.66
10,9,The One With The Birth Mother,Scott Silveri,David Schwimmer,08-01-04,Monica and Chandler travel to Texas to meet a young pregnant woman who is considering allowing them to adopt her child when it's born. Joey dates Phoebe's friend but annoys her with his territorial eating habits.,15.7/24,25.49
10,10,The One Where Chandler Gets Caught,Doty Abrams,Gary Halvorson,15-01-04,"When Phoebe and Rachel see Chandler getting into a car with a pretty woman, they suspect the worst. When they tell Monica, they learn the woman is a real estate agent - and that the couple's been house-hunting outside Manhattan.",16.6/26,26.68
10,11,The One Where The Stripper Cries,Marta Kauffman & David Crane,Kevin S. Bright,05-02-04,"Joey is a celebrity guest on Pyramid. When Monica and Rachel throw a ""mature"" bachelorette party for Phoebe, they're forced to hire a stripper at the last minute. Chandler and Ross attend their college reunion, where they learn a 1987 dating pact was broken.",16.0/24,24.91
10,12,The One With Phoebe's Wedding,Robert Carlock & Dana Klein Borkow,Kevin S. Bright,12-02-04,Monica's hard-nosed wedding-planner techniques cause Phoebe to fire her. The big day turns chaotic when a blizzard forces a change in plans.,16.3/25,25.90
10,13,The One Where Joey Speaks French,Sherry Bilsing-Graham & Ellen Plummer,Gary Halvorson,19-02-04,"When Phoebe tries teaching Joey to speak French for an audition and fails, she convinces the casting director Joey is retarded. Ross turns down Rachel's request for sympathy sex after her father has a heart attack.",15.2/24,24.27
10,14,The One With Princess Consuela,"Teleplay by Tracy Reilly, Story by Robert Carlock",Gary Halvorson,26-02-04,"Rachel is fired from her job the same day Ross learns that he has gotten tenure. When Phoebe legally changes her name, Mike does so too to teacher her a lesson. Joey goes with Chandler and Monica to check out their new home.",14.6/22,22.83
10,15,The One Where Estelle Dies,"Teleplay by Marta Kauffman & David Crane, Story by Mark J. Kunerth",Gary Halvorson,22-04-04,Phoebe tries to protect Joey from the news that his agent Estelle has died. Monica and Chandler check out the house next door to theirs - and discover that Chandler's ex-girlfriend Janice is interested in buying it.,14.4/24,22.64
10,16,The One With Rachel's Going Away Party,Andrew Reich & Ted Cohen,Gary Halvorson,29-04-04,"Ross goes berserk when Rachel decides that Monica's farewell party is the perfect time to share a private, tearful goodbye with each friend - with the single exception of Ross!",15.5/25,24.51
10,17,"The Last One, Part 1",Marta Kauffman & David Crane,Kevin S. Bright,06-05-04,"Set to embark on the next chapters in their lives, the six friends spend their last day together, and it's one of the momentous events, major decisions about personal futures and last-minute surprises.
Part 1 of 2.",29.8/43,52.46
10,18,"The Last One, Part 2",Marta Kauffman & David Crane,Kevin S. Bright,06-05-04,"Set to embark on the next chapters in their lives, the six friends spend their last day together, and it's one of the momentous events, major decisions about personal futures and last-minute surprises.
Part 2 of 2.",29.8/43,52.46
